{"2508.05302": 0, "2508.05287": 0, "2508.05239": 0, "2508.05113": 0, "2508.05011": 0, "2508.04950": 0, "2508.04612": 0, "2508.03555": 0, "2508.05619": 0, "2508.05618": 0, "2508.05614": 0, "2508.05613": 0, "2508.05001": 0, "2508.04792": 0, "2508.04581": 0, "2508.04257": 0, "2508.04106": 0, "2508.02992": 0, "2508.02401": 0, "2508.02313": 0}